Talk1,Talk2
1149,1000
1261,2082
1023,1441
2274,1304
2473,2143
2492,1622
1382,1257
1868,1271
689,1753
2460,702
1714,661
1800,1686
1554,2304
1452,1363
1801,1267
1350,1245
2194,1892
1226,1368
1522,1484
2305,1476
1236,1130
995,829
1097,740
1267,2274
1777,1040
663,1215
2168,2544
1484,782
685,1905
1531,931
1232,2220
2443,2315
1473,1429
858,908
2345,2301
673,1973
1627,2247
1135,1051
2449,1890
727,849
624,1278
925,1802
1746,1183
1209,1003
2159,1532
2015,2219
622,1998
897,1560
2071,2119
2220,2009
1551,2489
995,2405
1457,1273
2047,2357
2448,2054
1528,1697
1018,2091
884,2430
2308,2412
2272,2259
1846,2168
2100,1463
1150,1102
1470,1366
1499,892
1834,1540
2089,710
1912,1708
2197,2347
2156,2149
1945,1256
718,1528
1739,731
2331,920
1636,1409
1182,1490
2385,2068
1147,1053
1324,820
1937,829
2318,2504
2207,2183
1816,1004
2455,2214
1676,979
2143,1050
2316,2154
1814,2253
2462,2401
2363,1940
2413,2425
1286,1487
1939,1471
653,1747
2171,969
2332,2515
1932,1511
668,1241
2145,2321
1810,861
865,2498
1664,2035
2508,920
805,1442
1873,1004
901,1487
1428,1409
1575,2089
1983,990
2094,1890
2393,851
1614,1305
944,1598
2007,2434
1095,2489
1277,2475
1310,1755
1773,1155
1882,1650
1801,2377
896,1382
2307,2230
1395,892
916,2467
2315,2527
2402,2300
1673,2535
1779,1578
1687,1653
1505,959
2147,2065
987,1644
1039,753
2104,1591
1863,1123
1544,1490
1080,1736
1726,2198
1860,2003
2229,1793
2321,2369
1961,2422
2421,2536
2089,2079
1680,2292
1438,1234
803,646
2037,1905
1523,1162
2433,1216
1099,779
1141,1099
1401,2153
1010,923
967,889
2503,2376
2363,1422
946,2000
1360,1228
1611,1596
1825,1345
745,981
1573,1435
1494,654
1872,2519
1432,1167
1737,2388
1493,1303
1593,1970
1679,1415
1780,988
1450,2155
631,1026
729,1810
929,1713
1396,2126
635,2137
1565,1085
2117,2287
1625,802
2533,880
2215,1372
1182,1728
1219,954
1002,1309
2054,2545
2285,2445
1935,1309
907,1506
982,899
2080,2070
1649,1101
1711,1416
1246,893
887,2113
840,945
1317,1353
2046,835
1776,1292
1048,2487
1045,1752
1990,1623
1209,2543
850,1863
2014,1078
717,1475
2449,2213
1594,701
1238,1209
2235,2142
1026,2289
820,1677
1482,1248
1464,1434
2266,2240
1183,1759
1580,1458
1225,749
1711,2455
705,2426
1127,1308
2111,2425
1167,2175
1587,2160
2535,1644
1218,690
802,1216
1407,2459
2424,1883
698,1675
2197,1394
1766,2012
816,678
1226,930
1391,840
1246,1918
2210,1619
1523,2143
2118,1858
1154,1099
2322,2365
1357,877
2262,1942
991,861
2052,1813
810,1164
1983,2116
1171,1058
1573,2134
1263,1659
1955,1154
1467,1457
1179,1043
1157,1397
1242,2516
1385,1642
2095,1723
796,1138
2375,2260
1560,1679
1556,1050
1046,2183
2424,1737
1557,958
1806,1419
1011,1621
1716,2491
1233,820
1163,1731
2391,2177
1143,1993
645,1455
2416,2082
1607,2257
1282,1463
1188,1451
2453,2144
1012,1763
1168,709
1021,1604
2433,641
1291,1190
2287,2531
1794,2527
1646,2444
2337,2218
998,1753
1338,1485
1452,1500
779,2411
2245,1429
1732,1869
1658,1923
2493,2045
2135,2129
2381,2429
1389,689
2093,1574
1364,1610
2201,1666
760,2232
1363,2342
1235,1403
2011,2151
1698,2017
1978,1724
1526,835
1651,1762
1540,2081
2017,659
1863,1342
1189,903
2303,1877
1340,1330
2081,1248
1925,1579
2500,2230
2343,1128
2464,1943
654,1493
897,902
2516,2414
745,1564
1951,2048
1423,2146
1240,2473
1033,760
2441,964
1148,809
830,1023
1510,2042
2196,1014
1793,1157
1408,630
2455,2481
2533,2488
984,845
1064,821
766,2050
1536,2498
2217,2208
1190,1365
1550,1171
804,2088
1885,1304
1566,1359
2325,1883
1736,2471
2301,1275
2378,2207
822,1904
1733,1750
1984,1780
2322,2163
1618,1438
1398,879
731,729
1122,1649
2159,1749
1795,1461
1064,641
1369,2378
1495,2222
1812,1120
2189,1251
1255,2198
2181,2170
685,884
840,2021
802,641
771,1672
1979,1281
841,1306
1474,1162
2382,946
2109,2515
971,1863
1246,863
1126,1327
1158,678
1339,2470
2325,1737
1962,2087
2086,1835
1841,2337
1991,2232
2497,2461
1278,2311
2276,1840
2448,2471
1872,2487
780,1019
1583,635
2277,1876
1599,1930
1524,2124
661,1923
1398,2224
1563,970
830,2316
2120,1808
688,770
1329,1076
1972,1842
1759,2121
2188,1018
2223,1792
1581,1974
1824,859
1878,1752
2265,1828
2440,1277
873,2043
1232,2329
1972,1288
846,851
1817,1644
2138,1737
1800,1366
739,2461
1699,1172
1273,1340
722,1583
1145,971
1040,2044
777,1568
1154,734
1140,1682
1866,2339
1930,1897
2195,2058
1482,2476
2110,1210
2264,2173
1273,2180
2158,2088
2044,2023
1718,1493
1854,1837
1973,1643
2148,2430
1539,1471
1785,2145
678,2497
1212,1174
2291,1757
1434,1344
2073,1890
2325,2455
1542,1364
1545,1436
2114,1967
2004,1597
2001,2430
2411,2380
1745,1431
938,1966
1638,2379
2179,1359
1365,1001
948,2004
2539,1093
1828,2452
1295,1187
1343,2522
1239,1202
2316,1498
2019,1922
1445,614
1455,2293
2056,2438
927,1539
1503,1222
1929,1709
2435,2165
1805,894
830,1991
1403,2219
1313,2006
1435,1798
1253,2406
1052,2000
865,853
1442,1399
2356,2162
1687,1527
835,2430
2353,1997
2428,1181
1748,699
1152,1071
1258,2434
775,1333
2177,630
1066,853
932,1083
2309,2004
1723,654
1043,749
1558,1408
2167,2079
1881,1155
1087,1356
830,2445
1314,1716
1473,1043
2328,2285
1244,1070
2439,2043
1056,1048
1428,1246
710,1643
2009,2263
2059,1755
2342,2279
1498,1429
1074,1799
1291,2070
755,1371
1899,2438
1763,1060
1337,872
1472,1321
2106,2066
1631,2505
996,1853
1010,1152
1546,930
2252,2061
2193,749
2242,2204
1190,1052
1204,1665
726,784
1597,2379
1154,1548
1898,1183
1643,1890
1750,615
1207,2442
1704,2044
682,1407
923,1911
866,981
1897,1983
2167,822
1851,1523
1765,1271
1228,2188
2160,2271
2233,2472
691,1014
1781,1366
2275,2024
1207,944
1948,1327
1945,1670
2009,1559
1140,1068
2047,1680
2389,2158
1420,1271
1794,1566
2048,1670
1691,1657
2042,2452
1656,1224
1484,1338
2275,2438
1867,2439
1404,1409
1645,1522
1142,1075
2028,749
845,1613
1411,1804
2435,2385
2074,2067
2207,2494
2390,2168
1862,1930
2296,2141
1248,1248
1471,2060
1852,2071
1504,1769
2115,916
648,1347
2462,2451
2523,1958
2446,1022
2032,1609
1208,2505
990,1333
820,1859
914,1328
1469,2441
1857,2336
1599,2171
2115,1727
1740,2083
2355,2328
1580,1012
1317,1275
863,2303
1725,1000
2112,2098
2130,1238
2459,1908
968,1275
1127,2171
1155,1115
2056,912
2537,2109
2150,1874
981,879
2127,2064
2199,2093
2079,1627
1734,1096
2215,2460
1185,971
1287,942
987,719
1927,2247
1956,1706
1189,1542
2392,2268
2005,676
961,931
1494,692
2186,2158
1636,822
698,1730
1756,1731
1527,740
1901,2256
747,732
778,1632
1560,1447
1234,778
1278,1297
2038,2278
1247,988
2437,2427
1617,1478
758,1951
2176,2063
1220,1115
2251,1701
1136,917
2493,2367
2273,2224
710,1520
682,1230
1293,2462
2541,2142
1870,1491
1632,1438
675,1103
1601,2379
1339,1058
2470,2440
1479,2440
1270,1270
1779,755
1236,788
1561,1588
1955,2078
2273,1487
882,1496
911,2283
1054,2251
1169,860
2156,2125
1000,1985
1362,2421
853,2498
1657,851
1960,1671
2333,2280
2507,2289
1776,2074
635,2102
2187,766
1221,861
1225,1093
1773,1580
2151,2059
1492,1078
1701,2527
1875,2348
2504,2515
2200,1791
2390,2427
2385,2239
1995,2148
1525,1626
2058,1090
1120,2467
1105,1061
1701,1839
1496,2232
1023,1502
2107,1704
2360,1158
1877,2000
2142,1961
2173,1935
1311,2539
1742,2435
1345,1166
2549,1213
1631,1101
1897,1650
2435,1968
1297,1574
1776,990
2007,1863
2134,2124
1250,921
1430,1287
991,681
816,2108
1336,1271
1940,2548
1490,2280
836,2535
698,2135
1276,1005
807,1023
1185,1037
1670,711
1653,1046
850,2007
1979,1022
2151,2065
843,858
2205,2295
2339,1210
1500,2445
2518,964
1719,800
973,1731
1271,2220
1308,1422
1071,1259
1007,1396
1501,1075
2377,1422
779,986
1907,2287
1732,2027
1744,1589
1381,848
2390,2257
2354,2280
1077,1775
1431,1394
2509,2116
1904,1087
2333,706
1095,1058
2427,1657
2419,2021
1544,1842
950,922
1046,2494
1693,1109
1387,872
2277,1624
829,2430
1068,808
1432,1213
1941,1321
878,1877
1830,2256
1628,865
2152,2479
2374,2171
1386,2523
2189,728
2306,2236
1013,959
2489,2470
1433,1493
2167,953
1443,858
1197,928
1468,1252
921,2426
1422,863
1386,1931
1532,2529
1309,2475
1090,2088
1318,2366
1377,1270
2250,1603
2175,1340
1721,981
1646,1749
2125,2149
2294,2412
1098,2511
1490,706
1711,1425
648,1224
869,1006
2460,2382
1393,1799
1567,1542
891,1219
978,2287
1953,1958
1137,746
938,1685
2178,2112
1063,1187
1233,2399
1013,2213
2182,2375
933,734
1741,2516
1211,911
860,715
2549,2379
854,1948
1663,829
704,1386
2455,2138
1422,1671
1817,2514
843,713
1605,1302
722,1868
1736,2439
2359,2154
763,1437
1343,2021
1496,1718
2014,1679
700,1157
959,1437
2394,2188
2111,984
1535,1515
708,2504
1551,1812
1451,1905
1262,2460
873,1659
722,1939
1420,2316
1459,2441
1333,1292
815,2128
1721,1336
2080,992
2375,2350
1711,2338
2480,1762
1109,2286
973,758
992,936
2256,2113
1562,1436
1342,1022
2249,1148
2483,2207
2123,1297
2464,1820
2499,2289
1462,702
768,1599
2148,1724
1860,1578
2231,876
1579,1482
2392,2108
2418,2407
2102,2137
781,1457
2362,2231
725,828
1253,2021
2447,1700
2234,2060
2159,1164
969,828
2459,2293
718,729
866,844
2227,2174
1553,831
2314,2303
2266,2194
1354,1473
1136,881
974,1331
1067,960
1414,1403
691,2293
1863,1258
1325,2511
864,2426
1123,1624
1608,730
1460,1992
2392,2135
2189,2022
2451,2306
2496,1197
994,1282
2463,2435
1009,922
1047,959
882,1211
1092,1622
1623,2514
2049,1451
1103,1712
2290,2253
774,698
1898,1799
2088,2051
1516,1948
1773,1791
970,1483
1200,1403
1340,1274
1130,1089
1216,1381
2327,1775
926,1391
1426,2370
1255,2480
705,676
2191,1069
2309,1487
1575,1455
1616,1862
2393,1305
650,1313
2083,925
2357,2015
1130,2409
820,1437
929,1210
2344,1674
2094,2073
1245,2136
1978,2065
1024,1366
1290,1786
1420,2445
1472,1757
911,2294
2172,2060
2014,1769
1272,1791
1965,2291
2411,2266
1969,2155
2377,2006
1743,1581
1399,2289
2308,1246
1099,1073
1138,2191
1893,2286
903,1506
1452,892
1522,2348
1489,1194
1534,1195
1870,1627
1947,2296
1497,1718
1033,1988
2484,2398
1575,1627
1661,2498
823,786
2029,2440
1935,2302
1782,860
1184,749
1407,1578
1886,2117
2142,2110
1323,2113
2420,2284
719,1717
1470,803
1812,1210
2084,2046
1930,1878
2422,2404
1358,1064
737,753
928,781
926,779
1736,1242
813,993
2515,2505
2166,2057
1260,910
2320,2536
1800,1854
1042,749
1621,2124
1229,697
841,1077
1564,622
1107,1046
1822,1437
2237,1885
1718,1441
1634,2385
2433,2311
1204,2062
2067,1775
2200,2081
2389,1279
1828,2434
763,959
862,1073
1434,2004
1196,2409
1124,835
1319,1521
1186,922
793,1840
1887,880
2535,2257
2353,2174
2212,2203
1815,1706
2369,1422
1713,910
933,1208
2144,2051
934,1576
1150,1405
945,2145
2502,1884
2096,948
782,1161
1230,1407
2390,2134
1712,2187
2300,2472
1252,1868
1944,1603
1828,1385
1572,1916
2266,1918
1724,2405
2347,819
796,2191
1751,1739
1415,836
1710,1041
1054,2406
2508,1237
2232,2154
2379,2309
892,1995
1431,1121
750,1896
1806,1893
2397,2471
1822,1890
1325,1585
2304,2326
1469,901
1810,2018
951,1416
1975,1932
1916,837
1894,2253
2031,820
2370,2120
1261,1761
1285,1262
2281,2367
1602,2042
1170,758
2087,1843
1437,1195
1890,1449
2264,2244
2257,2168
1527,849
1694,2483
1921,2249
2067,967
1887,1999
2202,2459
1502,1500
1788,1203
2271,2140
1110,873
1156,1370
2530,1975
1652,1770
652,2547
1037,942
1878,1843
2317,2193
1742,1527
2030,1619
1711,2481
785,1413
1975,1603
2548,2495
650,2013
1684,1636
1192,1061
1356,2426
1425,1684
2223,1267
899,1777
1233,2472
884,829
2285,2279
2023,1892
1815,1374
1976,2198
2272,2106
2332,2300
681,1435
2177,939
2278,2192
754,705
903,960
1716,2536
614,2355
994,663
1279,1273
1855,1140
1153,1211
2230,1816
1967,746
1355,1245
1832,2464
624,2311
1032,1224
795,624
2066,2023
2175,1611
2246,1719
675,1712
1120,1095
1777,1012
1971,1877
747,1398
1410,2056
2447,2515
1042,1306
1037,2403
1654,1650
2354,2333
1672,2339
798,1102
2223,1473
2284,1987
2183,1128
1329,2002
952,644
2173,1703
2434,1862
2029,1234
1775,1224
984,2532
1209,2069
645,1535
2313,790
2350,2172
2529,2398
1770,1737
2264,2255
1067,641
2277,1084
678,666
1308,2509
1618,2127
1622,719
2485,2491
1427,654
1292,845
2025,1764
1682,1747
1581,1399
864,1913
1466,802
1979,971
675,2187
1819,1037
1506,1471
1481,1454
911,2536
1040,1012
1207,809
2347,2048
2141,1722
1667,2511
1005,1299
1271,723
866,835
804,2051
2522,2509
1696,2430
2323,2201
2167,2007
1053,925
1716,1541
848,995
1948,1621
821,724
2091,1652
723,2039
1841,787
1684,1261
1311,821
1975,2431
2540,2309
1895,1697
2330,835
1798,2134
2307,1785
2458,2491
1689,1678
1264,1164
724,635
2053,2029
1435,1043
767,2454
2346,2316
1236,1206
2521,2494
1797,777
1933,2385
1345,2051
2136,1150
739,1158
2468,2431
733,1725
2317,2111
2317,2490
2007,1258
2465,2516
1011,1537
976,2489
1075,1033
656,1019
699,666
1822,1804
2320,2037
2064,2498
1614,788
1177,983
2337,1015
1328,1635
1481,1833
1534,1255
1816,1785
912,2242
722,2099
1670,1233
823,2017
2126,842
1601,1597
1619,1580
2377,1809
1146,1729
1688,1549
754,906
1278,2499
1865,2347
1431,1328
2437,2426
1541,2179
1391,2307
2305,2277
884,1659
1476,1820
972,1650
1455,1535
2077,1791
1724,1711
2420,2538
812,2039
1626,860
1844,850
1912,1743
975,1581
2306,1321
2531,2023
2459,1923
1096,936
2454,2399
1272,1399
899,1040
1353,1479
2014,1564
1736,2448
1081,2226
2423,1500
1608,1516
2067,1971
1539,1730
1459,901
2528,1139
819,1865
1912,1856
1014,2059
1146,678
1088,1433
2115,1565
844,1366
2247,759
2145,1246
918,1821
2131,793
2418,2239
2325,2481
926,1514
1795,2245
904,1751
1312,2239
1669,1399
1813,1208
2518,2004
1423,1611
898,1770
1089,842
808,1108
1164,1968
887,2370
1453,2146
2195,2186
711,654
2122,1607
1703,2179
1739,1359
1284,2107
2400,2391
626,1371
1438,1966
2141,2460
699,678
739,727
1655,2251
2367,2060
985,1050
1739,904
1503,1068
2355,2346
1745,1109
2473,2460
1148,1180
2309,2259
1724,1425
2512,1782
746,747
733,2112
1432,1859
2113,1824
842,852
870,2095
1886,1907
2043,2037
1384,2507
1227,1569
2161,1740
1892,1405
1084,852
1750,1355
1809,1514
967,2312
2079,894
1918,1706
2254,2462
1945,1998
2201,2087
2373,2300
2376,2291
1484,2264
2313,2081
884,1711
855,1357
2063,2051
1402,1332
624,1297
2140,1354
2121,1757
1717,1597
1754,2519
759,1491
1933,1968
2351,2321
1749,2082
2275,2163
1076,892
2315,2210
2373,2353
1122,2048
1421,1788
1196,2268
2005,673
2228,2201
2120,2155
1020,2378
1129,1371
1078,916
904,1140
859,1323
1465,704
802,1381
1049,1402
2436,2257
2327,2289
1396,1205
616,1330
2101,1242
2061,1135
1680,2338
1539,2135
2510,2174
826,2320
2296,1938
1700,1833
1843,2078
796,707
1350,2499
2227,2060
1757,1321
1944,1717
1072,614
2515,2471
1530,1478
1755,971
633,2425
1998,1566
1358,1271
1563,729
2465,2407
796,953
725,1799
2163,2456
2165,2385
1676,1315
2005,756
2044,1777
628,1360
1117,1784
766,692
1721,838
1105,733
1821,2432
768,1435
1494,1611
2404,1821
1763,1115
2506,2260
1986,1491
688,614
2385,1968
1017,1011
1965,1884
1019,1241
2127,1536
2421,1722
1500,1445
2085,2042
2365,1409
2035,1733
2244,1696
634,901
697,700
1598,1409
2170,2481
835,873
1680,2357
1550,2101
1214,1483
2340,1731
987,1650
2242,2074
2307,2321
2468,2234
1965,1941
2075,1881
2328,1498
660,2121
1547,1219
970,1082
2448,2062
1206,693
672,1210
2483,682
2277,1022
1644,1717
1869,2027
1351,1703
2049,2482
1739,1704
1826,2490
1826,2111
1735,2488
935,950
2184,2174
1366,2124
1974,930
2066,1827
2123,2499
720,1890
646,1742
1584,1432
1058,936
2209,1545
2254,2291
2499,2204
2383,1545
1762,2492
1651,2492
1579,2487
2040,1919
689,998
2258,2350
1505,1948
1546,775
2038,700
971,1022
1082,2091
1252,975
873,981
1551,1095
1081,2269
1025,661
1691,2543
1298,1970
1791,790
2047,2292
2366,1988
1156,1033
1660,1245
1267,1792
824,895
999,917
1511,913
2046,2430
2469,1732
1570,1004
1045,1040
2123,1376
2481,2204
969,1308
1599,1908
851,2128
2487,2426
2549,1281
1155,1286
2358,2353
739,666
1906,945
2230,979
2258,733
1554,2267
684,1304
687,2494
2287,2230
1991,2445
697,1116
1888,898
1996,2401
807,1441
1474,865
1192,705
1387,1638
1772,1977
847,2012
1677,1606
1212,1193
1794,2210
2290,2196
1705,1929
1478,2256
2062,2000
2162,2377
1616,1930
2074,1652
1695,1256
1770,892
2386,2503
2343,2295
1316,727
1853,1749
2110,2352
1327,2013
2046,1953
2139,914
880,1403
964,901
2532,2538
1640,1603
1313,809
1524,911
2174,2340
2246,2156
2327,771
1258,971
1262,860
1263,835
1660,1350
945,732
618,2280
1771,1183
2254,1965
2320,835
1062,852
1994,2489
2189,2172
2166,1170
794,2128
835,1696
1946,2042
1637,1279
663,1243
645,1805
1043,893
2401,2236
1617,1100
2330,2154
1481,1310
2488,2144
670,1167
2050,2512
1256,1370
1123,830
1379,1021
2536,2365
1466,1381
1496,1497
1008,730
1624,1022
827,2430
1560,775
911,1584
1125,867
1695,2298
1760,1743
2168,2117
2414,2389
2271,837
847,2421
1433,2049
739,678
909,1132
2451,2291
2252,936
1011,854
916,2426
1962,1165
1128,2205
945,746
1769,1078
2225,2122
826,1124
1927,1735
1110,2008
1400,1122
1866,1725
2268,1252
2500,969
2368,1284
1986,1034
1885,1033
711,1500
1681,1328
1670,930
952,1074
1498,1303
1091,1331
826,1453
1175,2351
1007,1206
1500,2279
2347,2472
1328,1685
787,943
1714,943
652,853
1023,654
1273,1013
2082,1684
856,624
2213,2156
2045,2275
1308,1004
1279,727
1449,1132
2343,2207
1242,1280
1650,2514
1221,2532
1187,1162
2006,2430
2157,1310
1321,1884
1340,1116
2526,2502
2471,2519
1135,977
1955,1843
2308,1366
2406,1483
783,752
801,1248
743,2010
936,1234
2226,999
980,830
2140,2426
1039,1218
1718,1502
1197,985
2380,1843
2072,2545
2316,2445
1649,1973
1841,1478
1424,2154
2173,2255
2083,1763
1061,950
1043,1835
1094,695
699,752
1084,2343
1619,1115
1495,729
2190,1188
2066,1843
1930,969
1408,1001
1963,2342
2125,1234
2419,892
943,2033
835,1659
2034,1316
685,1535
980,916
1837,1167
2024,1164
2386,2306
1027,1948
1845,2111
1845,2490
1513,942
875,2409
1961,1954
1886,1519
1612,1581
2075,1794
1446,2491
1750,1052
1132,1848
1391,945
1069,1000
2229,952
1687,1289
1430,886
1609,754
1188,818
2299,2377
1523,985
1059,941
1731,2471
810,816
622,1732
2005,2519
1811,907
1127,1004
1080,1395
2366,2293
1394,2059
2251,2194
1194,2140
1310,943
820,2530
1588,1753
1850,986
1844,1754
1811,1146
1472,2306
2315,1619
1187,2143
616,1432
1334,729
1204,1027
763,1380
2084,2351
2119,2090
1193,666
2121,1395
2103,2258
689,931
1139,2219
1569,1630
745,912
1807,2172
907,1262
2547,2526
913,1273
2088,1748
913,1072
1786,1620
2043,1570
1569,1585
2288,2316
795,1534
2382,1248
2393,2128
1414,1188
2346,2328
945,1526
2434,1930
780,772
1854,798
847,1409
1220,1929
2343,1342
1205,1624
2213,1896
1941,2502
2399,2436
1981,1680
2193,942
1454,1632
896,1388
1918,1433
693,1176
1064,848
2359,2180
1360,1802
1992,1304
2376,2451
1902,1129
2204,2024
2378,2183
756,1166
2395,2265
1662,1241
1778,1581
1891,2234
689,678
1493,1429
1545,2405
666,939
948,1947
1564,1679
2240,2078
2536,2443
2233,1758
2260,1961
1621,1204
984,1884
1833,1135
2028,942
2138,2065
2291,2462
2428,890
1795,1109
1344,2335
2231,2543
1627,1523
2450,2441
1994,1135
1361,2413
2491,2163
2168,1607
2476,2465
1537,1027
1243,2259
1522,1875
1790,786
1003,2231
2019,2006
1808,1448
2100,1950
2157,2052
2121,1898
2318,2304
2474,2394
1742,2192
1765,1429
1663,1937
1862,2011
1604,2383
697,709
1052,1001
1390,774
1794,1359
703,2009
1083,1719
2079,1852
1284,1990
829,1696
1644,719
616,1167
1959,2375
641,1281
2526,2306
870,1988
781,2290
979,1524
1780,2442
1339,1051
1220,633
2288,2445
2413,2268
750,1874
1189,1010
1982,931
1814,2247
2280,1111
1263,893
786,1856
1664,1129
2486,1199
1133,871
683,2497
2131,2011
826,1678
1231,2467
2536,2322
1807,1594
2172,2103
2149,2108
870,1695
2098,1961
874,1205
1619,1704
2181,1167
2131,2470
1848,2497
937,1610
1307,984
2419,1183
1063,985
1250,1120
1456,2456
983,1097
1500,1493
1935,1997
717,711
1666,2274
2109,2505
2261,2371
1723,2279
798,854
854,1302
1875,1691
1632,1339
2001,835
2047,1307
938,1041
1124,1038
1297,1165
2421,2387
2078,2152
1952,1571
2346,2285
2300,1872
1311,1093
1113,887
2315,2287
2212,1551
1194,845
1258,1130
1179,1125
1864,1741
1475,1913
1582,1103
1050,948
1207,1264
1719,1373
1121,1939
1443,2342
1899,2282
1754,1872
2473,1442
2102,2094
2305,1820
2214,1883
984,811
2316,2165
1832,1818
2311,2213
812,1952
2170,2138
2463,1772
1952,2220
857,2495
1701,2210
902,766
855,2434
1570,879
1072,821
2180,1458
1580,2368
1299,723
1452,711
1128,2295
897,2067
1455,1515
2241,1315
1281,748
2227,1681
1893,1109
1181,1663
1525,899
2340,711
2364,1364
1601,1650
2482,2438
814,1452
1405,1598
1487,2153
1517,1493
2374,2230
1436,1662
1065,1058
1324,2379
2319,1550
2005,1279
2307,2023
1970,1962
1517,1414
2158,713
1393,1164
2246,1450
780,1241
1919,1702
799,635
1217,719
1387,2153
1170,2279
2256,2370
1661,1070
1493,2445
1347,1077
839,2454
1645,2462
736,1784
1346,1177
1942,1164
2238,2156
1769,1784
2353,2057
1275,2457
2097,1649
1401,1337
2328,2274
2501,2185
2110,2098
1906,1574
1148,2158
758,2063
2478,2520
963,962
2344,2306
2050,1406
2458,1315
1967,1568
2066,2482
879,2287
833,692
1480,1099
2011,1653
1695,1054
948,1622
1475,1466
2045,676
1622,1650
2317,2425
1612,781
1936,1313
2132,2033
1574,1001
1392,1382
2332,1696
1965,2344
1369,827
1194,865
2520,1757
2241,2272
892,1183
1399,930
2051,2453
2543,1014
727,753
1840,1833
1086,1939
1147,1316
748,655
2305,2301
1628,1701
1089,1128
2387,2322
756,1199
842,1046
1098,2165
1606,1678
1477,1271
2371,700
615,1344
753,1180
2538,2251
2208,2301
1441,1043
2098,2481
1057,2261
2123,2522
1233,2057
635,614
938,2007
1326,1917
1820,1832
1375,2206
1924,1592
1217,937
684,2274
1435,1910
2369,2307
860,1273
2197,1553
846,2128
1372,2324
1780,2322
1609,2110
1836,1346
1378,2271
1287,991
2207,2205
889,2142
1647,1710
2183,1972
2261,1703
2290,2060
1717,1650
1520,1132
1353,2471
977,2521
1327,1302
1712,941
923,1195
2341,2218
881,1081
1135,805
1073,785
1332,1833
837,1177
890,1557
746,2224
1076,1021
2494,2205
1553,1632
1418,2270
1369,928
965,2519
1337,2304
1845,1184
1689,1611
1796,1665
734,1339
2029,1813
1352,2129
1301,809
1803,972
1938,1947
1323,2370
2043,2330
2437,2132
962,2507
2549,1650
1578,2483
1558,1376
1024,2412
1206,1396
1932,2118
1942,2275
1549,1972
1851,1050
810,2255
2299,2363
1800,1167
1489,1865
2514,2045
2113,2370
2412,2365
1362,2365
1330,1314
771,1866
747,2224
2487,2470
2510,2141
1081,879
2323,1666
2535,2542
2056,2471
2383,2292
2333,1490
2459,1230
2438,2259
1374,2342
2072,2063
2230,2471
2195,2453
1237,939
1662,2209
1656,1242
1952,2039
1996,1938
1616,1270
1909,2504
2366,2069
885,1267
1702,1187
2312,2067
2281,1511
1344,1882
1950,1372
1150,1598
1142,2216
953,1964
1148,727
1668,1222
1552,1823
1035,2359
1347,1512
2105,873
1670,1606
2446,2452
2054,730
1564,2242
1538,1826
2245,1477
2186,2144
2467,2443
1868,1681
1591,1946
1695,622
2380,2152
1859,624
2114,1250
1130,1421
2118,1975
1374,831
1761,1902
2457,2212
1501,2445
2006,1188
2323,1304
660,892
1289,1202
1883,2388
1273,1782
2140,2495
1584,1213
1692,2527
2335,2193
2354,1490
997,1825
955,1650
1078,1413
1894,1166
1218,753
961,2213
2205,2061
1676,925
648,1512
2193,1592
1989,1056
1956,1363
918,2036
1267,1666
799,1748
1265,1123
2456,2348
2527,1619
2518,2309
2483,1230
872,1401
1000,2178
2468,2367
2258,1959
1209,1515
1490,1465
2349,2320
832,1337
2162,1809
1684,1902
2117,1907
2293,2286
891,939
1547,1765
2339,2261
1062,2197
1239,1767
2467,2322
1229,1118
1957,740
1861,2134
1001,1036
1726,1344
2003,1841
840,1532
2507,707
883,977
1537,1621
1701,1359
1346,2332
1826,2425
1955,2500
766,760
1597,2513
2074,2312
1185,852
877,2378
704,1639
1604,1929
1656,1306
1514,2430
2093,988
1004,1081
1247,2365
1181,1937
2205,2183
1095,778
644,2365
1445,2129
1287,1200
1056,714
1608,1436
1406,2500
1694,682
2030,2315
957,2374
2101,1741
2368,2044
2302,1747
805,778
1615,1482
2046,1514
1157,902
1146,699
2233,1443
1384,871
806,2062
1454,1479
2540,2348
883,1583
1602,1510
2302,2244
2284,2095
2068,1764
2329,1961
2169,2520
1855,1837
1912,786
674,1664
2221,959
2422,2142
1755,2475
2197,2341
1055,1009
2076,2061
2075,2030
2483,2305
2495,2291
1455,895
1859,1822
893,702
2188,1195
2105,2046
890,1771
1498,2232
1756,2062
1222,1068
1351,2284
826,1831
1656,1447
1434,2290
1544,1182
2493,1603
1453,1611
1526,2019
1951,1170
2205,2378
2270,995
2539,2225
1240,1190
1727,2311
1472,2462
2185,1768
1223,1384
1808,821
1411,1195
2237,1751
1102,986
1423,832
1413,2472
899,2354
981,1263
1373,659
1181,2065
1243,1180
1024,2283
2166,2048
1119,1612
1905,827
2252,1632
2092,2275
1332,2203
1090,753
1315,960
1425,2148
1663,827
1668,1414
2268,2522
2547,2064
1994,1812
2545,1154
2381,2147
871,2455
2302,2255
748,1381
827,1514
1189,1379
1659,826
2026,1241
2163,2134
2254,2096
659,975
2157,1175
2387,2022
881,2117
1949,1519
673,739
838,2435
660,1183
2183,2295
2008,1752
1200,957
2099,2060
2105,1967
2194,1419
1992,1990
1978,1757
1286,1284
1362,2322
2299,1809
1285,2312
1741,707
2495,2510
1311,1303
1888,2402
2523,1494
1767,2084
2070,992
1794,1315
1924,1915
812,672
2237,916
1844,1815
2105,1659
659,1581
1326,2444
1511,2367
2494,2295
1571,2220
1205,1476
1725,2036
2050,2528
2386,2291
1595,1958
1763,2107
1146,2149
1696,1659
2071,1959
2206,1001
2009,1733
731,2251
1859,1855
2006,1514
2200,1993
958,2059
800,1083
1220,1155
2002,1516
2428,2439
2016,2494
1657,1841
1667,2165
2414,720
2350,2178
2445,2346
1526,2244
1574,1021
1074,2068
699,2149
863,818
2379,719
2475,1265
2546,2350
896,1410
2545,2294
1746,1759
1865,2495
2484,2387
2193,2522
1963,1452
1737,1883
1475,1002
1061,718
2364,2311
2422,2432
1734,1947
1281,1381
1887,1047
2484,2537
2214,1963
1787,2489
2394,2109
1099,1710
1876,1805
1745,1368
1845,2425
823,975
1575,1515
1945,835
1689,1634
1274,1246
2361,1165
1940,861
2093,1605
1520,2089
1555,864
1312,1233
1892,1598
1797,1559
628,925
1533,1476
1812,1787
2041,644
787,780
2386,1965
1571,1620
707,1224
1364,820
800,2017
1434,781
1900,1523
1361,798
2500,2509
1018,1911
1003,1515
2328,1023
1101,2505
1076,1026
1057,1220
1755,1357
1655,1739
2267,2278
2433,2042
2455,2430
862,1710
1114,2084
2452,2433
1540,2516
879,1246
1535,2069
1201,1980
1004,779
2234,2118
1346,1854
2154,2190
2057,2048
993,1439
2442,2471
1920,1164
1243,1111
1156,1097
2532,1997
1584,1855
1817,972
2427,2387
790,2062
904,1747
1174,1173
2512,2221
1943,880
1418,1408
779,1646
1673,1320
1897,1599
2233,2460
2477,2257
2147,2132
2216,2429
1843,1419
2371,1057
1856,759
2343,785
1727,1356
790,1796
1591,1055
1167,1686
1720,1041
1776,1679
2039,2220
659,930
1897,2535
1480,1388
1790,668
2036,1688
1984,945
1928,1080
1757,2470
2314,2170
1615,1512
1594,2260
1577,948
2008,835
953,1138
1661,1162
917,1216
1382,1410
2059,1461
1056,1970
2264,1875
1990,1881
1936,1843
861,2117
1164,2511
1819,1056
2408,1656
1771,1555
983,1613
2440,2360
2275,2493
1871,2048
1815,1363
923,1152
1664,1595
1192,1116
2398,1709
1943,2218
1530,1901
730,2211
1847,1846
946,648
2436,1188
2088,2058
2003,2345
1355,1660
1571,2039
850,1205
2400,1659
1164,1074
975,1856
1054,1770
1670,654
900,801
1076,2303
670,911
1450,614
2545,2458
1888,2298
656,772
1764,1308
937,2468
2297,1242
2056,1685
1929,2383
1504,925
1917,2444
964,2153
1913,1500
2236,2121
834,1639
1430,1048
1090,742
631,2289
1487,2518
1440,1541
2045,1963
2123,1355
1549,794
1661,1444
827,829
1482,707
1421,1336
1431,1939
1762,1410
922,722
917,760
2239,1665
1072,1093
1424,2180
943,695
2212,1479
2199,2109
2420,826
1227,1135
1993,2209
878,2000
2130,2486
2478,997
1242,962
1043,1953
1764,1414
1444,1248
1591,1510
2060,1783
680,1665
1517,831
1002,875
1463,2249
2039,1620
1559,1826
1916,2457
1949,1960
973,1356
1890,1237
1933,1074
1817,1803
2473,2040
2492,2048
1476,2434
1254,1113
1464,2113
1688,1271
1298,1276
2259,1218
1871,1572
2273,2487
1624,1396
2425,2490
2520,2495
2456,2275
1468,1389
1928,1395
2056,2519
1581,1358
1377,743
1456,2477
2516,707
2328,2445
877,2494
1318,1988
2281,1932
1652,2298
1823,1939
2428,1145
893,2254
1604,1492
1385,2493
2230,2519
2517,2317
2331,2189
1597,1324
2484,2529
2164,698
2279,2232
915,837
1602,1185
1644,1650
2240,2468
699,783
1742,1440
2296,785
2054,2484
2344,2291
956,1724
2448,2382
2109,2493
1512,806
775,2074
1275,2444
1218,1180
1101,1208
2299,2531
2096,1622
763,1736
1222,2154
2199,2519
1010,2342
1294,2464
2196,2189
2319,2239
1374,1075
1395,1759
2025,1048
1393,2068
898,1439
1796,912
851,1031
1931,2257
917,641
1223,1416
1008,1815
1170,2057
1256,1998
1775,1242
1143,831
1080,892
1885,1346
1142,895
1995,1770
736,1117
1781,1815
1338,2348
2248,2174
1296,1060
1790,2028
1981,2292
1489,1369
798,1017
957,968
1869,1762
951,832
2544,2257
1885,1493
1596,2532
1055,922
1192,911
1042,2490
902,1462
2075,2443
2367,1975
2467,2426
775,990
2024,2388
2268,2170
1652,863
1758,2505
2302,1682
2149,1890
2444,2345
1838,1687
1977,1393
2034,1162
695,1923
1544,842
1658,2033
1061,633
2174,2115
1872,1413
1857,847
1864,1259
1677,1323
1694,1382
2108,2461
914,2059
1687,1847
2012,1684
1492,1251
1850,1519
2340,618
1996,1194
731,700
2019,2084
935,2541
2323,2129
1219,1034
1430,942
2311,2301
1702,1400
1291,1196
1027,1302
1301,1099
1703,1987
2182,2546
794,1031
1264,1591
963,1224
1260,2371
1590,1045
740,2161
1585,1630
2085,1752
2283,2294
822,1108
871,1922
1715,1604
2021,1652
705,1356
809,2045
1724,1993
1425,1261
1961,1725
1127,1099
1400,1896
2439,2218
2255,1703
2083,1884
2368,1763
1332,1251
1656,707
2432,2404
2319,2313
2024,1963
1702,1641
915,916
1388,1281
1081,1701
2535,1638
2164,2470
2175,2427
1443,2525
2336,972
1376,2499
2072,2275
950,2032
1159,799
1032,1306
2085,2374
700,766
1868,1774
2068,1414
1154,785
656,1241
1036,1375
741,1982
2088,1159
1192,1289
2465,707
1073,1733
1756,1347
2162,2511
2092,1737
2470,2252
1028,2331
2310,2241
1881,2116
2334,2388
931,998
1299,1471
1902,2082
1894,2247
1274,1194
2447,2282
1741,1312
1194,729
2260,1959
2165,2511
2252,2139
1369,687
1558,630
1438,1903
2351,2307
1445,2232
780,726
2275,884
661,2033
869,905
1876,971
2502,1757
1673,1573
778,2252
1768,1018
2086,2038
1621,2134
2150,2021
1009,920
844,1428
916,2471
1491,1627
1911,1364
1469,1629
1729,2149
2045,1960
2478,2530
1266,1365
930,975
1421,1203
1548,2471
1525,1523
897,1679
1853,2378
872,2153
692,2426
2212,1018
1665,1651
2254,2236
1658,943
2303,1971
1622,1324
1442,1778
720,678
857,1613
1777,1028
1589,957
2189,920
1750,2263
2517,2413
645,1389
1982,699
2126,1972
2170,1999
2285,2232
1732,1998
654,2316
2236,615
1326,2374
2322,2320
1840,1568
2140,2398
2196,691
1069,1954
1556,2060
1797,1022
2337,1651
1025,1342
2476,1877
930,1581
825,1331
1924,2425
1823,1471
1027,798
961,750
1833,2203
2405,1436
1643,699
1797,2490
946,1248
1850,1359
1423,1338
2013,810
2203,2061
2196,2543
1340,2180
1321,1826
682,1578
1351,861
2540,2376
909,794
898,2298
2133,2263
1880,1226
2428,2215
1265,971
1080,1183
2395,2042
724,989
2349,2455
1108,1904
1614,706
1884,1705
880,1305
1898,1759
926,1422
1037,781
1225,1739
1617,1515
1882,1855
1214,2077
2397,2442
2393,880
1294,1895
1464,1392
1717,1324
1824,1870
1248,1076
1567,1511
1820,1797
2539,989
978,881
728,993
1962,942
2425,2372
863,2289
2188,1480
765,750
1564,1275
2057,2174
900,631
2240,1419
1649,2048
2271,2282
2377,1514
1214,1068
2408,2228
690,753
2456,2477
1349,1304
2287,2240
2372,1915
661,943
1859,1574
1075,2429
1622,1947
2452,971
2054,1548
1440,1367
1640,1944
1409,2163
1159,1748
1453,787
2415,2429
1224,1150
2125,2089
1798,1958
1960,1456
1268,1364
2283,1837
1410,1112
963,1775
951,2439
1964,2191
1245,1018
1870,1894
839,1568
1562,1390
2531,2369
2209,2356
2426,2340
2451,2236
1293,1150
2008,1372
2259,2186
1842,2494
1592,942
1348,926
749,628
1825,1166
1889,1373
2092,2048
864,1443
885,1193
1971,2000
1320,2086
1327,1027
2272,979
1158,2461
2492,2235
700,2512
1982,1491
855,971
812,1349
1545,1662
631,2303
1612,1856
1519,2385
1728,618
1314,1253
2434,2011
1361,2372
1682,1935
1587,1366
2015,1403
852,749
933,2206
1878,844
857,641
1945,2027
1716,1366
2065,1863
631,1482
2086,1554
2521,2295
1800,1855
1269,1149
1306,1056
1431,2099
836,2530
1217,2408
1939,2099
2339,2534
1318,2429
1696,2330
2310,2387
1213,1650
1432,2458
1525,1628
2388,2346
1410,1257
803,2308
906,2391
2051,2058
1591,1185
2211,2188
1995,908
1580,899
2308,2283
1862,1799
1467,1189
2105,981
2450,2303
1359,1440
1634,1453
1942,2435
2040,1260
2180,1802
1577,736
1241,1164
2273,1592
1153,1043
2346,1718
2052,892
1441,1502
1538,971
2324,1751
1266,1200
1917,1476
1777,1048
2015,1436
1754,1942
1547,2533
780,1377
1515,895
2266,2380
2244,1984
1606,1311
828,1799
2074,1695
2151,2147
2369,1785
1723,2288
1898,892
2092,1831
1089,877
774,2070
1067,917
1730,2135
1823,2099
1186,618
1952,1928
1211,1016
1197,2431
888,1780
1920,1883
741,1122
1580,1763
2007,1205
965,2402
1448,2246
2269,2023
1376,954
1949,969
822,847
1110,863
1505,2522
753,1279
1165,630
1329,2303
1359,2251
849,753
850,2446
1012,1686
2406,2185
813,1034
1865,1696
1226,834
1296,1335
620,1359
743,1188
1968,2511
821,614
804,1158
2382,2081
2521,2207
1624,1357
1722,2484
1430,2512
1487,964
1740,2517
2421,2491
2295,1690
1488,1360
1968,1944
2116,2165
1782,1187
2040,2184
1676,1397
1634,1393
2214,2381
1372,1751
1938,1562
1809,827
2403,2394
895,740
1999,1385
2198,1989
2546,1959
1348,1764
1404,2421
1381,641
1709,2018
1787,2212
1037,2474
1082,2298
1387,964
2488,1166
2362,1844
1038,2037
2205,1972
1453,1016
1615,1975
1370,968
1793,709
2129,641
2376,2254
2192,2122
913,1457
1342,1412
1626,2079
1088,809
1485,1645
724,1093
1923,2033
1592,1321
2262,2500
1195,1911
2431,2425
818,1419
2463,2511
1537,2124
1395,1995
1700,1667
1488,1802
1333,967
1508,871
1835,1953
2158,1894
2090,1641
1082,942
1895,1187
2052,1481
1519,1098
2031,1056
1145,1258
2331,2252
982,700
1039,1186
2190,1937
2150,1887
1012,633
1939,2060
2403,1591
1012,982
1021,2406
2204,2165
1183,1395
1262,1336
1628,1410
1906,2145
2184,1705
1390,2070
1332,1033
1001,1190
2289,2303
951,1986
1413,1633
777,855
810,2427
777,2454
1710,1388
1962,2228
1530,1830
911,654
1470,1440
2384,2251
1848,2156
1683,1632
1677,825
2373,1885
1789,1675
1533,1654
1665,2062
2080,1782
1277,1065
2255,2244
846,1031
1779,2063
1623,1644
870,1033
1660,1150
1397,925
1258,1832
1223,1711
937,1829
1089,2295
886,1018
1069,2404
2403,1946
1319,1165
1600,923
1686,1763
2313,2062
734,2164
848,748
1692,1580
1676,1524
894,960
1852,1384
1236,1316
2480,2410
1875,1682
994,1463
1773,1604
1717,1817
1354,1346
2458,2443
1889,1298
1289,2063
1527,1161
1514,829
2104,2042
1054,620
1077,1224
1635,668
2248,1174
1984,1737
2124,1573
987,1601
1625,1216
803,2412
2237,1780
1194,991
2010,1313
2446,1863
2000,1661
2005,1645
1378,2218
1666,1445
2284,2538
1713,1688
877,1842
2037,2330
1818,1043
674,672
1363,1222
1605,1242
875,1788
1366,616
1176,709
1433,1188
1991,1983
646,674
1506,1457
1905,2455
2544,2539
2481,2024
1831,1997
1886,1827
1044,841
1516,1018
2436,2361
1113,2113
653,1682
1811,1242
1772,1264
956,2065
1857,2493
2147,2464
2453,2438
1835,1798
2073,846
1910,2028
2505,2471
1243,618
1151,856
2420,2244
2517,1826
2221,1245
725,2068
2414,2128
1419,1752
1297,2499
881,1343
1656,942
1089,2207
1662,1398
953,2191
2228,2087
1302,1948
1245,1911
1264,1098
1961,1702
1243,1218
2529,2438
1032,707
769,1306
1666,1792
2086,1117
809,1942
2055,2246
1376,2522
822,808
765,2461
1240,2460
2046,2330
1641,2119
2214,2138
1441,2232
1770,2298
2020,1344
2530,1364
1591,1642
2176,1102
1047,1376
783,1146
1407,2483
2417,2293
2199,1749
1772,1799
2395,2341
1892,1343
1441,1435
1357,1342
752,1146
1645,2348
1549,1031
1850,1433
1425,1995
1983,1386
1871,2492
1866,1688
2524,2419
1933,1393
2476,946
1834,1306
885,1212
646,620
2116,828
2504,1332
1039,922
1680,1592
1261,1143
1866,2534
779,968
2036,1961
1300,1581
2142,1713
2372,2335
633,2490
1230,1578
1317,1700
1372,2208
1836,2148
1665,1509
1737,2481
2507,2516
1874,1896
1494,1875
2464,2371
1498,1991
1085,707
1468,975
1785,2321
1391,2145
1526,1433
2420,1595
2010,2190
1548,2519
1398,2021
1054,855
918,2432
1799,2068
1577,2091
1600,1053
837,2338
824,800
1610,2468
1982,2213
1802,1035
2423,2363
1497,1666
848,655
1683,1993
2002,1195
860,1857
1498,2445
1893,1419
1196,958
2160,1401
1742,826
1997,2173
1322,2431
1417,938
1889,1970
1529,1154
1126,845
2380,2078
934,2221
1766,1144
1419,1313
834,1465
2163,1716
817,814
1432,1800
692,1023
2049,1088
2041,1129
2337,2111
2519,2052
1479,1275
1811,1729
1629,1626
1810,1636
1171,805
2038,1554
2016,1046
701,2506
1357,1046
1546,1531
916,708
866,873
1524,1837
1216,960
976,1551
1249,1959
2419,2349
690,1180
698,1539
2545,2485
1556,1187
1827,2194
1567,1932
1561,1699
2161,1438
1595,1606
2235,2178
2442,1419
893,2462
1555,1529
2099,2086
2174,2472
663,1518
2408,2270
752,2149
2466,1822
1090,2158
2015,2007
2318,1997
1066,929
1042,2425
1183,2121
1795,1790
1258,1214
1347,1224
1459,701
2104,2474
792,2045
1420,1500
1127,1752
1451,1706
1767,2351
2446,2362
1719,1702
2352,1210
2520,2291
1897,1855
1342,2151
1821,1688
2233,1120
2266,1570
1651,685
2241,2134
1544,2378
715,1023
1365,1291
1321,1040
1383,1540
2171,2463
1266,1190
1735,756
1786,1266
1542,1932
2181,2176
2042,2341
2334,2325
831,1371
1446,618
1222,1418
1673,1644
1848,683
2278,2326
874,736
970,2406
1007,2126
2443,2368
1092,976
788,2367
956,1698
857,748
1806,1754
811,1435
2548,1164
2492,2296
1239,1114
733,1985
2467,2384
1654,2131
2026,1681
2321,2224
1949,1422
702,2462
2120,2113
2172,2546
708,1938
909,851
1859,1817
2272,2491
1136,1040
1292,1056
1406,2262
1337,2267
678,1159
2411,1820
1413,2537
1836,2423
2241,2152
968,2444
1727,916
1280,2476
771,728
2086,1596
2328,2279
2031,1219
1008,2218
2464,1703
1495,1302
1031,2128
847,1804
2409,2139
1647,1720
1699,1780
2069,2026
1306,897
2358,2327
2348,2041
2116,1862
2097,2364
1566,2296
1002,838
1338,1875
2038,1881
2520,1965
1926,851
1706,1188
2048,2041
1141,1073
1764,1990
1518,1218
1698,1778
2306,2517
1750,2009
1811,1768
1899,1714
1501,1885
971,2434
1028,1009
1557,1283
2147,1832
2486,1824
2399,2154
1400,1874
2411,2464
694,1088
893,2291
1641,2071
765,1132
1366,1524
1375,708
2516,2460
801,1877
1609,2352
1869,1998
727,678
1597,1387
846,728
1589,2444
828,1772
1838,1320
2017,1252
2107,1701
2131,1872
1038,2049
2228,1864
1170,1500
2007,2446
1748,783
1532,1309
1538,749
1917,1258
1114,2351
2184,1727
2109,1436
2457,2345
825,974
1554,2278
1879,1806
745,641
1222,2430
1051,996
1248,631
1858,2468
913,860
879,2117
1314,2491
912,1679
1353,1275
928,867
2021,2250
2350,1985
1074,725
965,2329
1583,1681
1922,1451
1147,1926
819,1568
683,2094
1304,1792
2274,885
909,1031
1963,1801
2243,2198
1841,1215
724,1331
1546,2312
1316,1305
1184,1018
1336,1123
2321,945
1238,1429
2065,1461
1534,2185
1862,2151
1324,2513
2449,750
1579,2510
2020,885
1571,812
824,1805
1793,2198
1751,1420
2345,1862
2106,2152
1447,1176
1036,708
2504,2268
2263,1952
755,713
968,1646
1220,2038
746,1151
1995,1499
709,1157
1484,1011
2539,1331
2329,2220
1097,1153
2044,1315
2364,2213
1618,1569
1334,1528
2384,879
1460,1529
892,863
634,964
2421,2485
1572,1281
1708,1407
800,975
1921,928
1230,695
926,1008
1816,2369
898,1483
1234,1632
1624,2434
1293,812
820,1975
1103,2187
2438,1843
2291,644
1690,1332
1419,2217
2377,2363
1092,850
1831,1659
763,900
1589,1646
1240,1262
1297,1259
2493,2118
1222,693
2050,1264
879,979
1829,2468
1059,1403
2330,1659
1353,968
1959,1954
1978,1265
1466,1339
2122,1856
1334,992
1799,1933
2239,1933
2297,1450
2431,1932
693,1116
1424,1273
1473,1792
2348,2318
2020,766
1312,1665
695,1658
965,723
2349,2334
765,2497
785,1384
1950,2132
1576,942
2503,2478
1448,1311
1877,631
2410,2341
2214,2424
1827,863
1963,1883
1614,2354
1940,1810
2197,1642
1115,2107
1143,1981
1748,2102
891,2431
2426,2353
779,999
740,626
1833,1438
1283,2004
1368,1669
1483,1768
2227,2172
1771,1805
2025,2175
1485,2462
1674,2291
2301,2324
1504,2160
1464,2370
2241,1524
1208,2029
848,2190
1817,1597
1903,2161
2404,2098
919,2473
1692,1619
959,1509
1760,1399
2218,1015
2519,2448
2011,1930
961,1013
1818,2456
2387,2467
1074,1772
2076,2151
2076,2345
824,704
2126,2069
1507,1056
2327,1293
850,1123
1837,1340
858,2439
1374,1517
2164,2169
2517,2490
2517,2111
1689,2257
1434,1629
2539,2535
1503,2471
883,1681
1881,1839
722,1511
1629,1187
1164,2165
1545,1683
614,989
1693,1287
800,1708
1999,1879
1450,1093
1569,936
1747,1309
2364,2533
2111,1015
1150,910
1958,1835
2219,931
1285,702
1107,1068
2469,1869
711,1303
1907,1837
650,2204
780,656
1298,939
1619,1604
742,2255
1873,999
892,2121
1388,2473
1163,2472
1827,2269
1582,811
2465,1973
676,2456
2185,1888
1244,1162
1292,1178
1746,1736
1840,839
1272,2119
1211,1838
1674,1965
1801,1452
1368,689
1813,2505
1315,1366
1917,1479
813,2504
1377,1809
1380,1650
694,1744
808,779
1040,982
920,1251
1172,1171
2485,2436
2208,2324
1116,1115
1768,1652
1805,1201
993,1770
2019,2351
2329,2039
1883,1164
972,1717
1047,2522
965,622
1559,2425
1787,1095
2411,1832
1967,960
2102,1449
1776,775
1170,916
782,2134
1714,1658
654,2279
2503,2254
1646,1275
2506,2404
2155,1856
2537,626
793,786
769,707
1969,821
2342,1815
1878,1348
1960,1983
1597,634
1803,2130
2400,835
1310,1277
1737,1473
1367,1320
1762,2133
1651,2133
859,2113
2162,1514
1781,1942
711,2288
2035,1997
1659,1451
1635,914
2463,2239
1986,2519
1853,1842
1774,1769
1513,1216
1389,1368
1161,678
2106,2479
1393,725
1203,1205
1967,1966
1050,1187
1427,1358
2177,891
2235,1000
2538,1036
1135,2139
1950,1316
1305,1403
1522,1573
694,1433
641,1216
1333,2312
1634,2435
2298,1483
1480,1301
2051,2186
1447,2465
1082,1483
1451,1414
1562,1993
1461,1394
1879,1110
703,620
952,1812
1256,1869
1502,2232
1560,806
1712,1168
792,2477
1843,2152
1548,1872
670,1378
2462,2344
1208,1065
1123,1205
1428,1366
2269,822
2338,2325
2147,2138
989,1093
1916,1436
1879,1827
2426,2495
1192,697
2297,1281
1981,2338
2509,2499
2075,1701
1738,1472
1757,1332
979,1348
1202,656
1214,1194
1043,1958
1120,2519
1735,1166
1756,2471
2069,2293
2487,2331
1099,1720
2236,1941
1837,1330
1902,1749
959,2522
2277,1203
1315,1081
2087,1419
1978,1425
732,730
1829,1603
915,1180
1337,2160
878,946
1454,2252
688,1091
793,1654
755,1861
1182,1107
1915,1307
2206,1996
731,2210
1516,2091
739,816
1753,1719
2429,2417
894,1683
1645,1321
2417,2366
836,722
1533,1265
2414,1677
2185,1483
1463,1921
1341,1066
980,1412
2410,2492
1619,1839
2447,2252
1305,1301
1191,1133
1494,1798
1832,1828
2158,2051
973,730
616,2175
2282,1006
1704,1839
2026,2007
2085,1127
1018,1195
1168,1157
2409,2277
1130,1203
2211,2141
2037,2006
1120,708
1821,2036
2444,1931
2532,2344
2298,2188
1900,1162
1977,1799
1827,1004
2309,2513
1326,622
1469,1324
1265,2452
2014,1776
622,1869
1422,1983
2346,1991
2208,1127
2525,1363
1898,725
1080,1771
1586,965
872,964
1493,1501
2069,2286
1813,1101
1637,1474
1271,1259
727,737
889,1961
773,1241
2312,2203
1844,892
1513,641
2320,2412
2547,1162
2287,2443
2064,1523
2044,2107
968,1749
1169,1125
1239,726
1510,1101
1610,1829
1855,1650
1675,1880
1895,1647
2159,2438
2393,2259
1997,1747
705,1221
811,2028
2387,2348
2072,2493
1393,1772
1945,1124
888,2537
1727,2123
1589,1353
2199,1453
1225,1655
1900,1444
843,951
1132,804
1602,1853
1124,884
2299,1514
1804,2355
2059,1663
2223,1441
1348,1284
1672,615
886,870
1356,1170
1751,2208
1875,1664
1325,1164
2534,1627
1414,1164
2160,2153
2427,2259
1808,800
994,1921
2222,1302
1461,1342
781,1031
912,1564
2030,1701
801,946
1152,1911
912,1776
1171,936
1272,2071
1271,1182
2087,2482
2085,2208
2375,2258
1690,1833
2526,1244
2340,1916
1306,702
2272,2485
2083,978
2090,1260
2018,2398
917,848
2281,2118
1519,1440
2454,1840
879,881
678,1132
2459,682
1317,1074
1385,942
1462,897
1242,2465
1550,1560
2045,2288
1852,2119
766,2512
924,917
760,692
1433,1706
1406,1165
2279,2223
1825,2453
1634,1611
1460,1327
749,2111
749,2490
1997,1595
1063,1050
1766,759
1415,1273
809,1960
2487,2070
1330,1367
2202,2189
2475,2434
1167,1330
2270,1668
1993,656
1181,842
1269,1954
1648,1211
1017,1102
1605,2222
2187,2175
2141,2111
709,991
1941,2129
1818,1361
1469,1401
783,1132
1588,1699
1488,925
2396,2218
1384,930
1434,702
2313,2239
1483,2077
2227,977
972,2514
2201,1304
1314,2485
2358,2032
1640,867
2011,830
2211,2471
1411,2316
1143,2292
854,1537
1372,1744
1956,844
1512,1224
2006,827
1884,2306
2425,2401
1283,1487
2048,1475
1091,825
1984,2481
2243,2480
703,1596
710,720
1843,2479
699,1132
1029,688
1165,2471
1482,1224
2129,1064
628,1802
1219,2533
1221,2538
1035,1884
2405,2356
2027,1370
1793,2480
1653,2195
1172,1174
2142,2036
1379,1047
1251,2061
1938,942
2026,656
2092,2166
2008,818
2316,1500
1100,919
1479,622
2140,990
2528,2219
2314,2450
2406,1888
1705,1507
1162,2064
795,856
1188,2010
1695,1563
2037,1827
2145,732
2319,1447
1984,1785
2225,2045
1251,977
2416,1862
1013,750
1299,937
2259,2213
1202,780
1086,1121
873,2244
1280,2465
856,752
1744,2085
2095,2429
1509,1506
2481,2542
2516,1224
1538,1441
956,1683
1185,2042
1268,1160
1624,1476
1749,983
743,1451
1136,1525
1151,2224
635,1748
2093,2230
741,1896
1671,2363
2392,1856
2491,2288
2469,2027
1397,1709
1600,1709
982,1580
796,680
1577,2096
1069,721
634,2004
1033,2095
2011,1779
2055,931
1887,1879
996,866
1351,1987
734,1051
690,727
1858,1829
2345,1646
2376,2498
1111,690
1168,2080
2238,2191
2476,2460
1322,1219
1830,1901
1110,818
1088,1850
2001,1696
731,1359
827,995
2300,1548
2230,2438
2244,1659
2311,2499
2036,2432
852,1826
1779,1861
2348,2306
2226,2269
1232,1018
842,1128
2192,2174
745,655
1235,809
1789,1031
2255,1351
2383,1698
2460,2239
2546,2404
2097,1982
1986,1603
1643,816
715,1441
1746,1242
2095,831
2078,1419
620,838
1595,1678
2471,2484
1668,2436
2169,1539
1092,2492
1867,1844
1771,1092
2108,2031
2090,2071
1065,2417
834,900
2154,1188
1846,1607
980,1342
980,1025
1814,1072
2507,1971
898,1652
1974,1719
1304,1666
786,975
1168,941
1107,877
2095,835
2356,1062
1828,1863
1076,653
1343,879
962,707
1472,2520
2496,936
1313,1956
995,641
2156,2461
821,1093
2000,1085
1162,2498
1739,1099
2475,2515
2363,2018
2035,1913
1163,2233
1835,1818
2418,2382
2147,2424
2428,2277
2531,1785
1968,2165
839,777
2363,2430
2125,683
2019,840
2015,2047
1662,2356
1262,631
1332,1058
2070,832
1176,697
1070,1162
1306,1224
2294,2078
1256,1732
2171,1422
1404,911
618,706
1017,782
921,1416
1497,885
1295,1040
1887,2522
957,1744
1778,2017
2041,1696
2143,985
2183,2494
2528,2307
1542,2468
1057,910
1252,2290
886,749
1510,2452
964,2004
1304,1473
1719,1384
1999,961
1880,1165
1667,1164
1800,1798
2165,1963
892,1759
994,727
2092,2057
1256,2027
1119,1856
1292,2074
1831,2244
827,1993
2368,2107
919,1078
1683,2356
830,1493
815,1303
740,1903
1274,1330
988,1297
1515,2069
1235,1305
1878,2500
1552,1215
1248,2000
1543,720
2210,2179
1830,1426
1867,843
1250,1155
1389,1455
2288,1500
2107,2023
2463,2165
1353,622
787,1478
984,2306
1862,656
1406,1336
1519,2511
1600,2018
2103,2036
1634,1799
930,1300
1383,1280
880,1235
1121,2264
1473,1267
1772,1700
2338,1749
2404,1954
1113,2370
989,1331
2195,2158
2395,2446
2160,2304
2341,914
1026,2303
771,2339
1499,1451
895,1412
1433,1451
2078,2482
891,1859
1928,684
993,886
2302,2275
2065,2356
2366,2202
2235,2098
1691,1595
865,1162
1801,1198
2526,2520
1965,1472
2023,1391
2516,2239
1992,1267
1545,685
901,2153
2353,2141
1518,1439
1443,1723
2204,2171
804,699
1257,871
1461,1328
2309,1324
1324,1638
2311,2268
2541,2352
1034,2504
1225,855
1470,2294
622,2027
2215,1751
2251,2485
1806,1301
2104,1510
1648,1281
1657,2337
1558,2519
1620,2220
2196,1018
1826,1797
1418,1259
857,942
1133,715
694,2374
1602,1591
2000,2000
2479,2438
1732,1370
1669,811
1821,1725
1003,1014
2020,1157
652,1900
1018,942
1816,926
1409,1166
1992,1473
1876,2434
1966,1632
1754,1603
1055,1028
1402,1833
1957,1333
1370,1998
2094,2497
2334,1164
1532,945
2232,1270
1756,2519
2287,2068
2414,1031
1637,1449
1339,1332
1228,628
1001,1375
1579,1284
2395,1185
2314,2268
985,1187
772,773
1504,2271
1788,1089
2292,2357
1117,1769
1168,1059
1743,759
2127,2498
1785,1348
1674,2386
2157,1914
1599,1950
2410,1872
1092,1336
1302,798
2529,2019
1300,1358
1788,2409
1438,734
1202,1714
2458,2294
1607,1931
633,1924
1020,2494
1503,1332
2218,2141
2349,2429
1589,968
1583,1161
2281,1164
2394,2042
2139,2061
2400,2215
787,784
1958,1714
2343,2331
1837,2458
654,2423
2007,1022
2296,1702
747,1150
1024,803
1419,1301
1849,2076
1025,1653
1264,2511
1585,2109
2373,2093
641,748
1881,1701
1977,1098
2139,977
1444,1877
1159,1132
2013,1992
1944,2468
1758,1585
958,883
1115,978
1383,1204
928,2060
983,837
1823,1086
1645,1487
2216,2147
1264,1074
1801,1395
2259,997
1946,1037
829,2046
2485,2384
805,936
668,2026
1177,2014
2305,2214
1918,2244
819,839
2506,1725
1015,1880
2023,1598
997,2513
1387,2309
2300,2457
2098,2542
2461,2089
1082,991
2345,2151
1051,1438
750,2213
827,1671
2300,2471
2301,779
1096,1077
1354,1586
1906,1376
1641,1122
1438,1058
1115,1692
1825,1735
2474,1591
2352,2142
1920,1872
1833,2470
1348,1990
1303,614
2356,1075
1937,884
2077,1589
932,2060
1573,1798
2325,2388
838,2511
936,2139
1559,1357
2158,2453
1908,1950
2077,1245
2068,809
988,843
2529,2351
1586,1774
912,1560
1663,2065
2216,2132
2273,2161
1866,721
2313,2289
932,2290
2002,1483
1828,1006
1154,1815
2100,2033
1356,916
2138,2388
2446,2042
811,749
1975,2128
1311,1072
748,802
1789,939
922,1429
923,2091
2172,2112
799,2137
689,1132
981,729
2006,1671
1123,980
2474,1946
2125,1848
791,1261
1719,939
2107,2030
829,826
955,1644
646,1054
981,1659
1328,1277
2439,2471
1741,2465
2523,2288
798,1948
1405,1004
1275,957
2465,2313
862,1733
2503,2462
1885,2274
2042,2265
1295,2044
1536,1162
2090,876
2472,2537
1317,1240
1740,1253
2177,2167
1394,1635
1625,968
877,687
1712,1383
2122,786
2249,2122
2376,2060
1137,1259
1859,2311
802,1281
631,2476
1963,2481
2380,2482
1286,777
778,1442
2477,2464
2324,1752
1334,1060
2320,2330
2215,2208
853,1474
979,945
2138,1963
2449,2089
1481,1646
1479,1481
2491,2322
1863,842
2156,2497
1098,2068
624,2499
720,1643
1142,2415
2057,1376
2169,1938
1882,749
702,900
2374,2307
1814,1894
742,2540
1320,1012
904,653
2485,2536
2547,1661
673,816
1520,720
1907,1053
2053,1277
891,992
1352,1056
1557,1405
1327,854
660,1759
707,648
1755,2053
740,2417
614,724
1631,1510
1679,2242
892,1746
1363,1443
808,904
1084,1046
1618,1966
1128,2207
2391,2325
929,910
852,2490
1550,962
1227,1630
955,1717
1227,1585
1619,1701
1970,942
991,1397
1315,1524
2249,2144
2477,2124
2264,2540
2534,1672
2222,1327
2114,1976
1821,721
2056,993
719,1829
819,1489
2294,2106
1477,1774
688,823
1678,2146
1688,2432
2314,996
1640,2493
2134,1835
2480,2198
2012,1816
1667,1307
1960,676
2514,2535
1744,1646
1203,2409
2207,1972
1624,1258
1700,1332
2496,2331
2289,1164
1484,2134
2384,2210
1788,1084
1210,1713
821,1331
2437,2113
1456,784
2548,2214
2175,2390
1653,1328
1555,1460
723,2220
1836,1416
2185,2211
1058,1044
969,1422
1418,2430
1620,2329
2401,2376
1321,2462
1996,1941
2008,873
2034,2064
932,781
866,1863
2049,1918
946,1877
2174,1501
1627,2253
1729,752
2225,2120
1064,1498
1956,1308
2030,1296
1288,2521
1906,1670
837,2140
1864,1242
1959,2182
2323,1267
1268,2533
1587,1315
706,2280
1677,1031
1808,2225
670,1800
1642,1185
991,1709
1334,1458
1914,2277
1761,1737
2301,1751
1521,2391
1993,2356
2388,2165
1319,2228
2293,2202
2265,2452
888,1836
1543,2089
1706,1414
2186,2453
1722,837
2310,2294
2278,1337
1587,2304
901,1162
2397,2467
1533,1288
662,2501
1199,2539
1993,2405
2116,1855
2201,1962
2282,2022
1300,800
760,1445
1206,2126
1582,675
2188,2091
2270,827
2103,1725
1330,2427
655,641
1638,2513
1121,883
650,2006
886,1113
1622,2514
2503,1965
2048,2471
2291,2503
2109,2042
746,1398
1616,1456
2082,1425
2326,1554
2426,2472
1851,2143
1145,768
687,2378
1824,1627
723,1620
2097,1410
2108,2094
749,2425
1861,2063
1200,1943
1790,681
728,1683
1279,690
692,1502
645,2360
1048,731
1017,854
2136,1018
1410,1388
2213,2149
1339,1833
1603,1610
2093,1322
1790,1435
1716,2272
1827,818
2050,1936
2231,2138
1346,2515
1282,1921
2410,1899
705,646
837,848
2106,2078
2103,2182
2203,2140
849,626
1076,2289
1044,936
2146,1611
1394,958
927,698
1917,1820
977,922
825,867
1426,887
2034,2498
805,1454
1348,694
1692,2315
1921,1860
1810,1157
1715,861
1682,1309
1412,668
1040,2354
1239,942
1892,880
1437,2522
2101,1560
889,2432
1768,2402
1525,1040
1699,644
1673,997
2346,2279
1004,2226
2125,939
955,1855
2219,1491
767,1568
2223,1304
1577,1410
2475,2362
1552,1939
825,1323
1169,714
2338,2292
1738,1162
2280,2259
2528,2371
630,1521
1075,2415
1205,855
934,1350
1107,1064
2361,2299
2446,2419
2410,1006
1136,1963
1185,1946
828,2068
1103,749
815,1498
1085,1224
815,1975
715,1502
624,1010
901,1283
1429,684
2423,2299
2055,759
1090,2453
1901,2370
1531,961
2042,1642
2060,1989
1909,2515
1086,883
2183,1842
866,2446
1095,1833
1096,1938
1845,942
2081,1877
697,2512
2012,1810
856,1534
825,614
2378,2494
1745,2496
2219,1999
1752,2208
2340,2472
1831,835
748,1216
876,1547
1270,1611
2209,1683
1881,2385
1288,2183
988,2499
1000,2112
1615,1540
836,2477
2080,977
2262,2484
2455,2424
2103,2350
1251,914
1436,2209
1612,2155
2024,1737
1338,984
752,666
2069,1109
1133,1082
2341,2311
2524,2168
1226,1753
1696,2046
1705,2495
813,988
1470,2412
2307,2145
1253,1652
1480,1460
2518,901
2352,2098
965,2212
881,1246
2347,2141
1416,1222
2399,1188
1867,2460
770,1583
769,2516
1019,787
2040,1702
1247,644
1478,1901
1819,1425
1925,1240
1523,2254
1849,1586
1741,1736
2292,2015
2231,2202
1724,1698
1115,982
717,924
908,2471
2349,2325
2242,1796
1990,1701
1324,1167
1748,720
1576,1679
736,1769
1112,1099
2542,2522
1416,2481
1394,1685
1557,1892
1413,713
1558,900
1522,1485
765,2156
1764,645
1676,1053
991,1157
1422,1514
1350,2221
2444,2212
1737,837
835,2244
2544,2535
1602,2452
882,1494
2131,1572
1265,1025
1428,826
1601,2513
710,666
1281,1216
1692,2030
2067,1546
2200,2519
2363,1514
2276,2252
1606,1125
862,1570
1255,1056
1257,2198
2458,2412
1701,1704
1151,1902
821,635
2179,2251
1175,1114
2262,2145
1731,2211
1097,845
1184,726
1476,958
2048,2472
1547,1226
2476,2239
2513,2176
2522,2507
2469,1256
1568,2454
2416,1761
1046,877
703,1561
1057,942
2415,2216
978,2443
1824,2130
1531,2488
868,806
2002,1608
2246,1627
670,2114
1796,2448
788,1932
711,1913
1582,2187
1722,2041
831,2537
1816,1308
1899,756
1052,1877
1269,1249
1785,1616
1274,2326
1158,699
2417,2196
1935,653
961,1896
1485,2348
1424,1064
2336,2513
1561,1120
896,1618
1265,1863
2500,2485
960,2141
2543,2331
1819,1088
1220,2383
799,2102
1004,2269
2300,2519
1296,1048
1527,782
2442,2436
926,2244
2304,2192
1631,1758
1657,1595
2248,2270
2200,2110
1900,865
723,2329
2009,2462
1342,1653
2347,1696
695,2033
1412,1241
1175,2484
1384,1224
1725,1985
1260,2261
1825,2058
1160,1161
2021,1898
2258,2178
1379,1056
2035,862
1942,1435
1744,2374
2411,2269
1305,809
814,2279
2457,2471
2210,2527
1664,819
1452,2279
1006,713
1509,1376
2041,1338
2176,2163
1516,1195
2400,2430
1836,2457
2079,2073
842,2205
2253,2246
2381,2216
2381,2455
1803,2486
1181,866
2076,1572
1892,1004
1000,721
1356,2530
1462,2313
2525,1517
2170,1432
1208,1631
2452,1863
1609,1210
1938,2489
747,944
758,1289
2051,1735
1108,1099
1553,1370
1699,1341
2270,2154
1648,1953
1613,1336
1570,999
1655,1018
2392,786
2176,2335
1208,1758
1929,1881
822,2066
2096,1947
2508,2392
2416,1749
2234,1944
1764,1785
1583,1868
2136,2090
1841,1377
2172,2331
1803,1610
1249,1069
2549,2513
1980,2022
1453,1678
1463,928
2204,2170
1551,1787
1447,1280
1870,993
2135,774
895,1903
2365,2288
732,840
2037,2430
2387,2426
2542,2430
1454,778
1038,1023
2501,2242
1248,1877
855,1863
1182,706
1968,1414
1514,1671
2203,2187
817,654
2408,719
996,1020
1346,837
1643,1478
874,2076
1304,885
1354,1765
2157,1356
2133,1869
1728,1490
1225,942
2137,1159
2469,1370
2478,2426
2534,2213
1201,2022
1406,2509
1710,1720
1929,1773
2028,2236
1576,1350
1985,2112
2202,2069
902,702
2104,2403
1266,1738
2108,1890
2136,1911
1100,1654
865,1244
1785,945
1423,810
1851,1187
1437,654
2037,2046
2146,1090
2018,1940
1646,1517
1415,2293
1100,2473
1326,1564
910,672
1648,1163
2350,733
914,977
1685,2139
2195,2051
1882,1213
2278,2264
2079,1814
2078,2066
1688,1358
1234,1135
2161,2114
2253,1824
635,1159
1655,615
2089,1980
2308,879
775,2312
1708,2459
1582,1435
1956,2525
1474,2498
683,666
967,990
1354,1255
1620,1952
837,2438
1517,2342
721,929
2238,1641
1282,1238
1849,1354
1455,991
1761,2082
814,2519
2224,2114
2281,2165
2276,1833
2372,1818
622,1256
1137,944
2098,1968
2396,2239
1393,1074
1700,1074
774,1734
1791,1172
2365,2320
1867,1714
2106,2023
1181,1065
1672,1866
1396,1394
1408,1190
1963,1499
2448,2460
977,1635
719,2513
1566,2500
1665,1512
2061,1685
1796,2460
2100,1908
1424,2129
878,1248
1234,1171
772,1241
1883,2334
2261,1943
1836,1711
1538,2490
1308,999
1648,1798
1893,1260
2224,2204
2073,727
942,927
1569,1438
1334,984
2072,2045
829,2244
1839,2383
1459,1469
2322,2421
1265,2362
778,2061
1573,1043
2113,2058
1547,2488
1877,1877
1765,1736
1926,1043
1167,1068
1552,2099
1573,1541
1733,2133
704,1448
889,2422
2244,864
1222,884
742,1606
1537,1327
2241,2421
2250,1859
1950,2033
1244,985
2416,1261
1928,1571
1359,1053
2243,2074
1489,839
2217,2171
2172,1959
1552,1364
788,1567
1927,2253
876,1531
1944,1855
1161,2134
1166,2144
2342,685
1884,1941
2449,710
1991,1493
2055,1491
2457,2472
990,2312
1388,1336
1507,901
2161,1153
2408,747
2396,2313
1284,1040
1123,916
1307,1669
2412,1779
1626,1628
1747,1140
2265,1385
1937,2362
1481,2440
2267,1274
2229,1194
2332,2296
2288,1917
2317,2028
2530,997
2012,1902
1027,854
1134,1071
2360,2156
1654,1871
681,2028
1436,1680
1048,1739
1329,2289
2405,1662
2516,2081
2035,1682
2475,2360
1203,1105
1486,1172
1729,699
993,2298
808,1904
1756,1741
2537,2042
1898,1074
1686,719
1172,766
1319,630
1185,1510
1307,811
1918,1451
2310,1102
1071,1165
2267,2304
1404,2491
2070,2135
1912,2053
2071,1238
1986,2219
2496,1251
890,2271
1982,2519
1671,2430
1093,1331
1199,823
2153,2004
801,2000
1761,1425
1936,1419
2268,2221
702,2254
1436,1683
1592,2517
1751,1752
1791,2510
1239,2084
852,698
2530,2441
1051,2470
1288,1065
1795,1429
1590,814
1706,1526
2297,989
1102,1854
2002,714
1838,2477
2306,1907
653,1140
2288,2124
1834,1224
1070,865
1598,747
902,709
1062,1252
733,1000
1202,2244
1578,2459
984,2517
1880,1886
1636,869
2332,2244
1347,1280
842,2295
852,2425
1741,1242
1072,2155
654,1500
2512,1437
819,669
1576,1564
908,2439
1005,1471
1153,740
1613,1872
734,2470
2087,1943
1105,1000
2043,2006
1269,721
944,1405
974,1091
1262,1082
1574,2311
1715,2490
1629,2309
2154,2112
1543,710
1553,778
2236,778
1316,1372
1775,1306
1723,831
2170,1292
1486,1740
2193,2170
1531,2533
2489,2203
737,849
2324,2215
1385,1591
2420,2332
1408,1319
988,2522
697,693
1512,878
2380,2066
2224,2145
2127,2034
2013,2209
1772,1933
1932,2367
2372,2413
1941,870
2509,2165
2255,1987
1644,2514
2330,2269
1722,983
1508,1074
2465,2081
1364,1125
692,715
2173,1885
2267,2326
704,1922
1310,2362
2148,1978
816,2461
1231,626
822,917
1087,787
2276,2203
1630,2503
2336,1324
1497,1429
2136,2091
2301,2085
2063,1953
1686,1597
2293,1014
2391,2270
1939,883
1034,2530
1916,2472
2334,1963
997,2058
1110,660
942,2512
895,2417
962,1085
806,1665
1652,1246
1009,691
1358,1974
1238,994
1934,2111
1934,2490
754,2352
2323,2154
1062,1075
2087,2479
939,1132
1811,1746
1492,921
1018,934
1303,2355
1290,736
1260,1057
2419,2361
2199,2450
1132,1158
1955,779
2318,1351
982,2368
1864,1822
1499,1395
1657,832
1987,1875
785,1633
1364,1299
2058,1148
2396,2382
2073,1279
942,2460
1844,1710
1958,1945
1503,2275
1415,928
979,881
1886,1359
2545,2491
781,2060
1794,1296
2226,1108
1603,2468
1021,2467
2548,2467
1851,1244
2438,2471
2152,1419
1738,1661
1349,814
1823,883
2362,1876
2034,788
2450,2471
1498,1450
1281,1067
1627,1894
1691,1664
1155,700
1258,1820
1563,2544
713,1371
1015,861
774,1296
1566,731
2163,2365
1590,1752
1969,800
1257,2480
1954,2506
849,1148
1321,1162
1505,1204
2398,2365
1355,1297
2218,2215
935,2032
1330,2175
2240,1603
2158,2058
1155,1040
2181,2179
939,1449
2112,2036
1291,774
1586,1271
2194,1263
1946,2104
2443,1701
1345,2144
1439,1239
2487,2510
1008,1706
2524,2522
1247,1201
2250,2117
841,2067
911,925
2081,1512
1611,1330
2214,2147
2347,2109
1647,1270
1478,1830
1012,2107
1819,2015
2282,869
2159,2471
2029,1277
1948,1204
1902,1425
1415,2069
1683,1698
997,756
1315,1837
1934,1888
1509,2522
2162,2006
1379,1552
2502,2236
1904,1335
1465,1575
2177,1319
1496,1493
1679,775
1126,2013
1971,1248
1773,921
718,2467
732,2529
734,857
2448,1952
810,2540
2058,2453
832,872
2150,1400
1857,1163
999,844
904,1682
618,1490
1374,2525
1779,726
2285,1718
1876,894
720,1132
1930,2171
2178,1985
1715,1709
1370,1869
2103,1959
1668,1068
1284,2044
967,775
1520,739
1840,767
2237,2442
2067,707
1491,1313
2519,2419
1275,1326
883,914
1659,2043
2222,1948
1280,707
706,2354
1827,1662
1468,1849
1385,1200
936,1135
948,1734
1927,1824
768,2028
811,1910
958,1685
2297,1093
1189,917
2317,2309
1596,1453
1251,2331
2479,2458
1809,1526
948,1283
1728,1218
1934,1457
1476,1394
1027,1011
2052,1080
2262,2241
1700,1164
1916,1413
770,1331
1801,2419
1839,1929
944,1150
2294,2241
1461,1635
1938,1346
1089,936
2506,2422
2069,895
1988,2095
2153,1459
2286,2202
2532,2174
1446,1445
1357,1288
2435,2511
1114,1767
1832,1863
1629,1628
2502,1690
1485,1321
1363,1517
662,1139
943,1923
2016,2378
2360,2245
1777,1096
1249,1055
2531,2443
2260,2178
986,1088
1940,1636
1246,981
2012,2471
874,1123
1370,1275
1669,1664
1768,1888
1091,799
1491,2247
1155,1487
1908,2132
1639,1308
1639,1546
2382,2319
933,1996
1505,1319
2239,2062
1615,1542
1644,860
1078,2472
1213,1855
1860,2508
1969,2120
2133,1452
1203,971
1692,1604
2260,2103
1045,1007
1820,2434
2336,2246
1245,1150
1163,837
680,2062
1083,1702
1084,1022
1536,865
709,2512
1729,783
1194,2495
1454,1442
1768,2406
1595,1423
921,2467
2150,1660
1559,2490
2441,2182
1497,1493
1914,777
2313,2448
1668,2363
2238,2125
1343,2250
2279,2274
1913,2426
1101,1065
695,656
1226,1132
730,2091
2094,2156
1447,1410
1928,1801
2036,1985
1409,2322
1523,2462
844,2458
895,939
1743,1442
1783,1757
2389,2064
1291,2510
1179,997
1102,873
838,2165
1689,782
1636,905
790,1665
2499,2281
1915,1436
2546,2375
2091,1195
2413,2490
1572,1917
794,846
1718,917
2189,1683
867,1323
1425,2010
2484,2438
2105,1101
884,2001
1075,2095
1145,2434
1022,866
863,871
2118,2367
2032,1066
2371,1943
1894,1345
1234,2252
2267,2192
1839,2527
2541,2404
2106,1843
1263,1124
2457,2444
2186,2058
1036,2206
881,2371
1868,1477
2358,2290
1722,991
678,683
1991,2285
773,656
1499,1008
1535,2293
2120,1856
1636,847
2513,2259
1228,925
1588,1780
1727,2499
2124,1527
2268,959
1070,985
1026,868
1284,1155
1809,2363
962,1224
1321,1284
1253,1232
1276,2032
1891,1344
1323,1218
859,804
843,2439
1177,2377
978,729
1342,1205
2437,2370
2306,2291
1141,1127
1977,2068
1178,1073
767,839
2482,2152
1706,2010
1277,858
1349,2359
2523,1798
885,1666
1159,2102
666,1132
1320,1423
2382,2239
2319,2465
1213,2514
1957,815
1710,1733
2398,2322
1691,2490
2135,2060
1313,2013
950,1276
1328,1394
811,674
2485,2448
2217,2194
2093,2031
616,2427
2265,1476
1436,1981
2250,2213
2389,2259
1116,1176
2345,2208
2520,2426
2078,2479
2052,1898
2247,2253
2284,835
1077,775
1882,942
2204,1287
1669,1435
1252,1681
2433,2016
1128,687
1149,759
969,1983
1919,2118
785,2537
2389,2498
1320,1294
1715,1492
2467,2495
2255,1657
1983,1308
1147,788
1254,1972
1752,1747
1423,1596
2001,1993
1112,806
1535,2286
1630,1200
2066,2152
1173,678
1748,2137
728,813
1038,1922
2505,2188
1852,1641
2003,1461
1392,1396
1809,1263
2202,1407
1214,1167
1292,1285
2353,1857
829,835
1429,1358
2073,794
2533,2327
666,1449
1995,1684
1446,1537
1409,1175
2295,1972
2338,2082
2327,2129
2117,1837
841,1085
1153,1557
2190,2065
859,1345
1022,1876
2111,2490
791,957
1045,1525
2221,1018
1853,2494
2138,2424
886,1582
1309,916
905,1006
861,693
1595,1596
1985,1959
1520,1543
845,983
2051,1927
1042,942
1124,1831
1776,2312
1384,1834
2030,2527
2364,1999
2240,2106
1916,1346
2060,1790
2401,2306
2514,2225
2542,2455
1529,1008
2114,2273
1244,2498
2169,698
2456,2041
2285,2274
2531,2307
1259,2391
1119,1323
876,2519
906,1351
858,2457
1490,1107
2316,2285
1684,1548
1108,2023
1198,892
1139,1305
2282,905
2098,2325
858,2471
1565,1370
2407,2313
2405,2154
1267,1304
2283,1800
1642,1602
1504,1337
2122,1311
1124,829
806,796
1199,1093
2059,1328
2399,2279
633,2317
1368,2231
2283,2412
1092,1022
1237,931
1386,1087
1838,1847
2038,1701
2080,936
1390,1056
1224,1248
1627,1162
1317,1264
1456,1361
1762,1195
1507,774
1300,1974
1506,1189
1987,1566
2259,2158
1993,1662
1623,1465
2194,2269
1309,1997
2023,1904
2436,2419
1014,2231
1029,1603
2132,1923
2124,1716
914,1685
1319,1864
1315,1011
2096,1291
1489,711
2416,2011
2202,1230
1059,1579
1391,1785
2461,2094
2215,1752
1325,626
1527,2134
2010,1905
1998,2027
1913,1129
1538,2425
2085,1372
1738,865
1891,1672
1633,1384
1190,1375
1773,982
2542,2289
1379,1457
1174,1171
1440,2179
1460,854
1871,758
818,1752
1043,755
1653,1635
949,2394
1567,1316
1202,835
2257,2204
1397,1053
919,843
1495,898
1261,1902
1957,1934
2504,930
1922,1905
1457,932
2230,2023
2188,1822
719,1610
681,768
1324,987
2180,1945
1611,1167
1874,1649
1007,728
615,2335
1231,1984
815,1991
1927,1814
1605,1548
2201,1792
2466,1195
1966,1171
2229,2495
1819,1297
1765,1586
2122,1895
1065,2202
1250,1579
1906,2321
1529,1992
992,939
1854,1340
2527,2287
1588,1174
1411,1822
1988,1075
2195,1687
2057,819
1371,1633
1946,1385
687,1020
1781,2545
2482,2479
1702,701
2344,2386
2089,727
2423,2279
1604,1839
717,1189
815,2445
1820,1123
1328,1046
1840,2440
2548,2509
1813,2369
2112,2103
1816,2529
661,644
1648,802
2438,2519
1082,718
1056,1675
787,1530
1891,2513
2238,2119
1532,2145
1627,1626
2450,2519
2274,2154
683,804
783,2149
2216,1950
1782,1895
1526,981
1749,1761
1236,2175
1177,838
1575,2246
1987,2173
901,2004
2166,1831
1554,705
2380,2479
1592,2490
2162,2299
1900,2498
1987,1913
1121,2540
730,1165
742,1678
2017,975
1653,1862
1786,736
2066,2479
2201,2169
1120,2489
1777,1286
1283,1050
708,1096
684,812
2284,2179
1721,2043
1074,1012
2538,736
2373,1441
1038,924
803,2283
793,1632
1903,1201
2547,2498
1595,943
2018,1317
1716,1470
2249,1581
811,681
1608,1418
2095,2415
1618,1903
817,2276
2402,2406
1297,2311
1309,2426
1455,759
1826,749
1617,1830
1457,2290
2525,2342
2319,817
1592,1436
1335,774
1289,1456
1774,1767
1084,971
832,1401
1573,1835
934,2499
1926,1835
1380,900
1584,1650
2194,1004
956,1711
2235,2112
1188,844
1448,1575
2443,2107
1441,882
1355,2499
1138,1964
1330,670
1739,1127
1212,1172
1517,1749
1421,1089
1562,1513
1282,2249
1057,2528
1774,1271
807,2232
1693,2286
2079,2247
2081,2062
1421,2409
1178,1099
1474,1070
702,1157
2025,1781
1202,784
1207,2525
1734,1298
2061,1632
2192,1337
1863,2434
2369,926
1667,2385
1593,857
2333,1782
2543,2126
1905,2430
1798,1043
2325,1164
1915,2220
1915,2292
2478,2475
828,1968
1979,1381
1446,1338
1638,972
1587,1337
1651,1398
956,1425
1426,2113
2499,2522
1288,1020
2012,2519
2138,1164
1059,746
1405,844
1899,2537
1564,1353
2321,1984
2139,1632
1157,766
2290,2286
1537,1948
1782,1274
1085,878
1775,1056
2176,2310
828,1098
1637,2119
1373,1558
1842,2378
1025,1412
1294,1133
836,2054
919,2410
2115,980
2318,2302
737,1279
1129,626
729,2018
1540,2465
2507,1248
971,777
1934,2425
1860,1205
796,1964
2501,1534
1260,1817
2226,2023
1278,991
1447,2460
2536,2412
1662,1683
2151,1653
1436,2292
1928,892
1623,2535
2222,1537
2438,2450
620,1980
1175,2529
1266,1001
885,1496
2333,618
2203,2470
2469,1998
1380,1944
1844,1403
1884,2129
1958,1573
1028,1000
1309,1566
1293,2254
2415,1988
795,1278
1966,734
2295,2207
2098,2024
1058,2447
1064,1349
1311,1450
816,1158
1358,1107
929,889
745,1679
950,701
2207,687
992,1298
1997,1987
1510,2395
1424,1340
1266,950
1566,1947
1647,1382
823,635
1385,1235
1574,2499
2064,1244
1166,2058
2379,2513
1374,1363
921,1048
2327,2187
912,1576
976,1787
1879,1088
1721,873
2053,2362
874,2532
2382,1877
2054,1605
1684,915
1531,1547
2297,724
1632,1095
2472,1731
1971,1329
845,857
1487,2004
2076,1454
668,772
1704,2368
1022,2434
704,834
996,687
1231,2442
2298,2074
1414,831
1448,823
1071,923
1049,644
1541,1703
641,1625
1331,1311
2238,2071
2283,2124
1439,2298
882,1404
882,1493
1663,1258
1338,1522
1873,2269
2263,2243
2062,1280
2096,1734
2353,2275
1283,2518
1599,2464
2193,2028
2075,2066
1884,1485
794,851
1783,698
1094,810
2388,2424
1562,2209
758,653
1592,1915
1843,2482
1749,1261
1922,1433
1245,1057
1476,1258
1365,1925
1414,2190
1673,2336
1232,987
2198,2060
1508,676
1671,829
615,2534
986,1295
2523,836
2232,1493
2384,2194
2471,2188
1443,1420
2362,2207
1392,1989
2385,2511
818,2217
1286,1040
1343,1246
2435,2239
803,2294
2229,819
2029,1700
2024,1968
1881,2527
2358,950
1972,1429
1145,1022
1915,2039
2039,1453
1466,736
1733,1122
1910,1463
1977,2239
1924,1667
847,2426
1318,1294
1273,959
2381,2138
710,1890
2053,2440
2154,2129
1911,1056
2279,2445
2146,1838
1303,1450
1163,983
2403,2474
2507,1224
1637,2498
1593,1298
1177,2140
925,1360
848,641
2508,1549
1635,883
1960,1422
1640,820
1164,809
1276,985
2196,2069
1850,1098
1660,2221
2451,2526
1070,2498
1263,873
1753,931
